2026/06/10 16:32:59.783, 53, 11.59, 0, 0, [N/A], [N/A]
2026/06/10 16:33:00.808, 53, 11.52, 0, 0, [N/A], [N/A]
2026/06/10 16:33:01.834, 53, 11.39, 0, 0, [N/A], [N/A]
2026/06/10 16:33:02.860, 53, 11.22, 0, 0, [N/A], [N/A]
2026/06/10 16:33:03.916, 66, 37.35, 96, 0, [N/A], [N/A]
2026/06/10 16:33:04.983, 58, 55.28, 96, 0, [N/A], [N/A]
2026/06/10 16:33:06.029, 62, 55.64, 96, 0, [N/A], [N/A]
2026/06/10 16:33:07.073, 63, 52.68, 96, 0, [N/A], [N/A]
2026/06/10 16:33:08.121, 59, 56.53, 96, 0, [N/A], [N/A]
2026/06/10 16:33:09.158, 64, 57.24, 96, 0, [N/A], [N/A]
2026/06/10 16:33:10.204, 65, 52.89, 96, 0, [N/A], [N/A]
2026/06/10 16:33:11.258, 64, 56.01, 96, 0, [N/A], [N/A]
2026/06/10 16:33:12.299, 61, 55.75, 96, 0, [N/A], [N/A]
2026/06/10 16:33:13.361, 61, 52.02, 96, 0, [N/A], [N/A]
2026/06/10 16:33:14.415, 64, 56.32, 96, 0, [N/A], [N/A]
2026/06/10 16:33:15.452, 65, 56.85, 96, 0, [N/A], [N/A]
2026/06/10 16:33:16.504, 62, 53.15, 96, 0, [N/A], [N/A]
2026/06/10 16:33:17.552, 68, 57.38, 96, 0, [N/A], [N/A]
2026/06/10 16:33:18.588, 66, 57.47, 96, 0, [N/A], [N/A]
2026/06/10 16:33:19.664, 67, 54.88, 96, 0, [N/A], [N/A]
2026/06/10 16:33:20.709, 64, 56.26, 96, 0, [N/A], [N/A]
2026/06/10 16:33:21.747, 63, 57.71, 96, 0, [N/A], [N/A]
2026/06/10 16:33:22.810, 66, 54.97, 96, 0, [N/A], [N/A]
2026/06/10 16:33:23.862, 67, 57.35, 96, 0, [N/A], [N/A]
2026/06/10 16:33:24.901, 68, 58.84, 96, 0, [N/A], [N/A]
2026/06/10 16:33:25.965, 69, 55.52, 96, 0, [N/A], [N/A]
2026/06/10 16:33:27.012, 67, 57.41, 96, 0, [N/A], [N/A]
2026/06/10 16:33:28.078, 69, 55.18, 96, 0, [N/A], [N/A]
2026/06/10 16:33:29.166, 67, 57.87, 96, 0, [N/A], [N/A]
2026/06/10 16:33:30.203, 65, 57.90, 96, 0, [N/A], [N/A]
2026/06/10 16:33:31.256, 68, 54.60, 96, 0, [N/A], [N/A]
2026/06/10 16:33:32.311, 68, 58.34, 96, 0, [N/A], [N/A]
2026/06/10 16:33:33.352, 68, 58.29, 96, 0, [N/A], [N/A]
2026/06/10 16:33:34.397, 64, 53.66, 96, 0, [N/A], [N/A]
2026/06/10 16:33:35.438, 69, 58.10, 95, 0, [N/A], [N/A]
2026/06/10 16:33:36.472, 70, 58.20, 96, 0, [N/A], [N/A]
2026/06/10 16:33:37.532, 74, 54.97, 96, 0, [N/A], [N/A]
2026/06/10 16:33:38.608, 65, 58.36, 96, 0, [N/A], [N/A]
2026/06/10 16:33:39.651, 70, 58.31, 96, 0, [N/A], [N/A]
2026/06/10 16:33:40.693, 70, 54.84, 96, 0, [N/A], [N/A]
2026/06/10 16:33:41.742, 69, 58.81, 96, 0, [N/A], [N/A]
2026/06/10 16:33:42.781, 65, 58.38, 96, 0, [N/A], [N/A]
2026/06/10 16:33:43.834, 71, 55.13, 96, 0, [N/A], [N/A]
2026/06/10 16:33:44.874, 70, 58.21, 95, 0, [N/A], [N/A]
2026/06/10 16:33:45.911, 71, 57.80, 96, 0, [N/A], [N/A]
2026/06/10 16:33:46.977, 74, 54.97, 96, 0, [N/A], [N/A]
2026/06/10 16:33:48.053, 67, 58.83, 96, 0, [N/A], [N/A]
2026/06/10 16:33:49.086, 71, 58.71, 96, 0, [N/A], [N/A]
2026/06/10 16:33:50.140, 70, 55.81, 96, 0, [N/A], [N/A]
2026/06/10 16:33:51.211, 75, 58.07, 96, 0, [N/A], [N/A]
2026/06/10 16:33:52.250, 66, 59.06, 96, 0, [N/A], [N/A]
2026/06/10 16:33:53.290, 71, 55.06, 96, 0, [N/A], [N/A]
2026/06/10 16:33:54.347, 71, 58.49, 96, 0, [N/A], [N/A]
2026/06/10 16:33:55.395, 71, 58.72, 96, 0, [N/A], [N/A]
2026/06/10 16:33:56.457, 68, 55.13, 96, 0, [N/A], [N/A]
2026/06/10 16:33:57.506, 71, 59.26, 96, 0, [N/A], [N/A]
2026/06/10 16:33:58.548, 71, 59.38, 96, 0, [N/A], [N/A]
2026/06/10 16:33:59.596, 72, 55.64, 96, 0, [N/A], [N/A]
2026/06/10 16:34:00.665, 68, 58.94, 96, 0, [N/A], [N/A]
2026/06/10 16:34:01.737, 71, 55.47, 95, 0, [N/A], [N/A]
2026/06/10 16:34:02.821, 71, 58.59, 96, 0, [N/A], [N/A]
2026/06/10 16:34:03.865, 72, 59.42, 96, 0, [N/A], [N/A]
2026/06/10 16:34:04.920, 69, 55.67, 96, 0, [N/A], [N/A]
2026/06/10 16:34:06.004, 68, 60.07, 96, 0, [N/A], [N/A]
2026/06/10 16:34:07.051, 73, 59.68, 96, 0, [N/A], [N/A]
2026/06/10 16:34:08.088, 72, 56.43, 96, 0, [N/A], [N/A]
2026/06/10 16:34:09.126, 74, 59.70, 96, 0, [N/A], [N/A]
2026/06/10 16:34:10.179, 71, 56.49, 96, 0, [N/A], [N/A]
2026/06/10 16:34:11.218, 69, 50.05, 96, 0, [N/A], [N/A]
2026/06/10 16:34:12.259, 65, 30.84, 96, 0, [N/A], [N/A]
2026/06/10 16:34:13.283, 63, 13.05, 0, 0, [N/A], [N/A]
2026/06/10 16:34:14.308, 62, 12.93, 0, 0, [N/A], [N/A]
2026/06/10 16:34:14.745, 62, 12.86, 0, 0, [N/A], [N/A]
2026/06/10 16:34:15.771, 62, 12.60, 0, 0, [N/A], [N/A]
2026/06/10 16:34:16.796, 61, 12.53, 0, 0, [N/A], [N/A]
2026/06/10 16:34:17.820, 61, 12.56, 0, 0, [N/A], [N/A]
2026/06/10 16:34:18.845, 60, 12.33, 0, 0, [N/A], [N/A]
2026/06/10 16:34:19.870, 60, 12.21, 0, 0, [N/A], [N/A]
2026/06/10 16:34:20.896, 59, 12.20, 0, 0, [N/A], [N/A]
2026/06/10 16:34:21.921, 59, 12.18, 0, 0, [N/A], [N/A]
2026/06/10 16:34:22.946, 59, 12.14, 0, 0, [N/A], [N/A]
2026/06/10 16:34:23.971, 58, 12.14, 0, 0, [N/A], [N/A]
2026/06/10 16:34:24.996, 58, 12.11, 0, 0, [N/A], [N/A]
2026/06/10 16:34:26.022, 58, 12.14, 0, 0, [N/A], [N/A]
2026/06/10 16:34:27.048, 57, 12.02, 0, 0, [N/A], [N/A]
2026/06/10 16:34:28.073, 57, 11.95, 0, 0, [N/A], [N/A]
2026/06/10 16:34:29.097, 57, 12.00, 0, 0, [N/A], [N/A]
2026/06/10 16:34:30.122, 57, 11.96, 0, 0, [N/A], [N/A]
2026/06/10 16:34:31.146, 56, 11.94, 0, 0, [N/A], [N/A]
2026/06/10 16:34:32.174, 56, 11.86, 0, 0, [N/A], [N/A]
2026/06/10 16:34:33.199, 56, 11.89, 0, 0, [N/A], [N/A]
2026/06/10 16:34:34.223, 56, 11.88, 0, 0, [N/A], [N/A]
2026/06/10 16:34:35.248, 55, 11.86, 0, 0, [N/A], [N/A]
2026/06/10 16:34:36.272, 55, 11.81, 0, 0, [N/A], [N/A]
2026/06/10 16:34:37.297, 55, 11.80, 0, 0, [N/A], [N/A]
2026/06/10 16:34:38.322, 55, 11.74, 0, 0, [N/A], [N/A]
2026/06/10 16:34:39.347, 55, 11.72, 0, 0, [N/A], [N/A]
2026/06/10 16:34:40.370, 54, 11.74, 0, 0, [N/A], [N/A]
2026/06/10 16:34:41.394, 54, 11.75, 0, 0, [N/A], [N/A]
2026/06/10 16:34:42.417, 54, 11.75, 0, 0, [N/A], [N/A]
2026/06/10 16:34:43.442, 54, 11.72, 0, 0, [N/A], [N/A]
2026/06/10 16:34:44.467, 54, 11.68, 0, 0, [N/A], [N/A]
2026/06/10 16:34:45.492, 53, 11.53, 0, 0, [N/A], [N/A]
2026/06/10 16:34:46.516, 53, 11.47, 0, 0, [N/A], [N/A]
2026/06/10 16:34:47.541, 53, 11.40, 0, 0, [N/A], [N/A]
2026/06/10 16:34:48.565, 53, 11.39, 0, 0, [N/A], [N/A]
2026/06/10 16:34:49.590, 53, 11.43, 0, 0, [N/A], [N/A]
2026/06/10 16:34:50.614, 52, 11.37, 0, 0, [N/A], [N/A]
2026/06/10 16:34:51.640, 52, 11.39, 0, 0, [N/A], [N/A]
2026/06/10 16:34:52.665, 52, 11.35, 0, 0, [N/A], [N/A]
2026/06/10 16:34:53.689, 52, 11.35, 0, 0, [N/A], [N/A]
2026/06/10 16:34:54.715, 52, 11.40, 0, 0, [N/A], [N/A]
2026/06/10 16:34:55.739, 52, 11.34, 0, 0, [N/A], [N/A]
2026/06/10 16:34:56.763, 52, 11.25, 0, 0, [N/A], [N/A]
2026/06/10 16:34:57.786, 51, 11.29, 0, 0, [N/A], [N/A]
2026/06/10 16:34:58.812, 51, 11.21, 0, 0, [N/A], [N/A]
2026/06/10 16:34:59.838, 51, 11.23, 0, 0, [N/A], [N/A]
2026/06/10 16:35:00.861, 51, 11.20, 0, 0, [N/A], [N/A]
2026/06/10 16:35:01.884, 51, 11.24, 0, 0, [N/A], [N/A]
2026/06/10 16:35:02.907, 51, 11.19, 0, 0, [N/A], [N/A]
2026/06/10 16:35:03.929, 51, 11.14, 0, 0, [N/A], [N/A]
2026/06/10 16:35:04.955, 51, 11.11, 0, 0, [N/A], [N/A]
2026/06/10 16:35:05.981, 51, 11.13, 0, 0, [N/A], [N/A]
2026/06/10 16:35:07.007, 50, 11.11, 0, 0, [N/A], [N/A]
2026/06/10 16:35:08.030, 50, 11.12, 0, 0, [N/A], [N/A]
2026/06/10 16:35:09.055, 50, 11.04, 0, 0, [N/A], [N/A]
2026/06/10 16:35:10.079, 50, 11.00, 0, 0, [N/A], [N/A]
2026/06/10 16:35:11.104, 50, 11.05, 0, 0, [N/A], [N/A]
2026/06/10 16:35:12.130, 50, 11.04, 0, 0, [N/A], [N/A]
2026/06/10 16:35:13.155, 50, 11.03, 0, 0, [N/A], [N/A]
2026/06/10 16:35:14.179, 50, 11.05, 0, 0, [N/A], [N/A]
2026/06/10 16:35:15.203, 50, 11.03, 0, 0, [N/A], [N/A]
2026/06/10 16:35:16.227, 50, 11.05, 0, 0, [N/A], [N/A]
2026/06/10 16:35:17.251, 49, 11.01, 0, 0, [N/A], [N/A]
2026/06/10 16:35:18.277, 49, 11.02, 0, 0, [N/A], [N/A]
2026/06/10 16:35:19.302, 49, 10.90, 0, 0, [N/A], [N/A]
2026/06/10 16:35:20.329, 49, 10.94, 0, 0, [N/A], [N/A]
2026/06/10 16:35:21.353, 49, 11.00, 0, 0, [N/A], [N/A]
2026/06/10 16:35:22.378, 49, 10.98, 0, 0, [N/A], [N/A]
2026/06/10 16:35:23.403, 49, 10.91, 0, 0, [N/A], [N/A]
2026/06/10 16:35:24.427, 49, 10.94, 0, 0, [N/A], [N/A]
2026/06/10 16:35:25.451, 49, 10.97, 0, 0, [N/A], [N/A]
2026/06/10 16:35:26.477, 49, 10.93, 0, 0, [N/A], [N/A]
2026/06/10 16:35:27.502, 49, 10.95, 0, 0, [N/A], [N/A]
2026/06/10 16:35:28.529, 49, 10.95, 0, 0, [N/A], [N/A]
2026/06/10 16:35:29.555, 48, 10.93, 0, 0, [N/A], [N/A]
2026/06/10 16:35:30.581, 48, 10.90, 0, 0, [N/A], [N/A]
2026/06/10 16:35:31.605, 48, 10.92, 0, 0, [N/A], [N/A]
2026/06/10 16:35:32.631, 48, 10.90, 0, 0, [N/A], [N/A]
2026/06/10 16:35:33.656, 48, 10.95, 0, 0, [N/A], [N/A]
2026/06/10 16:35:34.679, 48, 10.88, 0, 0, [N/A], [N/A]
2026/06/10 16:35:35.701, 48, 10.93, 0, 0, [N/A], [N/A]
2026/06/10 16:35:36.726, 48, 10.89, 0, 0, [N/A], [N/A]
2026/06/10 16:35:37.751, 48, 10.90, 0, 0, [N/A], [N/A]
2026/06/10 16:35:38.775, 48, 10.96, 0, 0, [N/A], [N/A]
2026/06/10 16:35:39.799, 48, 10.90, 0, 0, [N/A], [N/A]
2026/06/10 16:35:40.823, 48, 10.86, 0, 0, [N/A], [N/A]
2026/06/10 16:35:41.848, 48, 10.84, 0, 0, [N/A], [N/A]
2026/06/10 16:35:42.873, 48, 10.78, 0, 0, [N/A], [N/A]
2026/06/10 16:35:43.897, 48, 10.82, 0, 0, [N/A], [N/A]
2026/06/10 16:35:44.923, 48, 10.88, 0, 0, [N/A], [N/A]
2026/06/10 16:35:45.947, 48, 10.81, 0, 0, [N/A], [N/A]
2026/06/10 16:35:46.971, 47, 10.82, 0, 0, [N/A], [N/A]
2026/06/10 16:35:47.996, 47, 10.82, 0, 0, [N/A], [N/A]
2026/06/10 16:35:49.024, 47, 10.77, 0, 0, [N/A], [N/A]
2026/06/10 16:35:50.049, 47, 10.83, 0, 0, [N/A], [N/A]
2026/06/10 16:35:51.074, 47, 10.79, 0, 0, [N/A], [N/A]
2026/06/10 16:35:52.099, 47, 10.81, 0, 0, [N/A], [N/A]
2026/06/10 16:35:53.124, 47, 10.80, 0, 0, [N/A], [N/A]
2026/06/10 16:35:54.151, 47, 10.79, 0, 0, [N/A], [N/A]
2026/06/10 16:35:55.175, 47, 10.84, 0, 0, [N/A], [N/A]
2026/06/10 16:35:56.201, 47, 10.85, 0, 0, [N/A], [N/A]
2026/06/10 16:35:57.226, 47, 10.83, 0, 0, [N/A], [N/A]
2026/06/10 16:35:58.251, 47, 10.86, 0, 0, [N/A], [N/A]
2026/06/10 16:35:59.276, 47, 10.85, 0, 0, [N/A], [N/A]
2026/06/10 16:36:00.300, 47, 10.86, 0, 0, [N/A], [N/A]
2026/06/10 16:36:01.324, 47, 10.93, 0, 0, [N/A], [N/A]
2026/06/10 16:36:02.349, 47, 10.90, 0, 0, [N/A], [N/A]
2026/06/10 16:36:03.374, 47, 10.90, 0, 0, [N/A], [N/A]
2026/06/10 16:36:04.400, 47, 10.91, 0, 0, [N/A], [N/A]
2026/06/10 16:36:05.425, 47, 10.93, 0, 0, [N/A], [N/A]
2026/06/10 16:36:06.450, 46, 10.95, 0, 0, [N/A], [N/A]
2026/06/10 16:36:07.475, 46, 10.87, 0, 0, [N/A], [N/A]
2026/06/10 16:36:08.500, 46, 10.85, 0, 0, [N/A], [N/A]
2026/06/10 16:36:09.523, 46, 10.85, 0, 0, [N/A], [N/A]
2026/06/10 16:36:10.549, 46, 10.83, 0, 0, [N/A], [N/A]
2026/06/10 16:36:11.574, 46, 10.85, 0, 0, [N/A], [N/A]
2026/06/10 16:36:12.598, 46, 10.82, 0, 0, [N/A], [N/A]
2026/06/10 16:36:13.623, 46, 10.89, 0, 0, [N/A], [N/A]
2026/06/10 16:36:14.648, 46, 10.89, 0, 0, [N/A], [N/A]
2026/06/10 16:36:15.674, 46, 10.85, 0, 0, [N/A], [N/A]
2026/06/10 16:36:16.698, 46, 10.80, 0, 0, [N/A], [N/A]
2026/06/10 16:36:17.723, 46, 10.79, 0, 0, [N/A], [N/A]
2026/06/10 16:36:18.752, 46, 10.78, 0, 0, [N/A], [N/A]
2026/06/10 16:36:19.777, 46, 10.80, 0, 0, [N/A], [N/A]
2026/06/10 16:36:20.802, 46, 10.80, 0, 0, [N/A], [N/A]
2026/06/10 16:36:21.826, 46, 10.71, 0, 0, [N/A], [N/A]
2026/06/10 16:36:22.852, 46, 10.69, 0, 0, [N/A], [N/A]
2026/06/10 16:36:23.878, 46, 10.74, 0, 0, [N/A], [N/A]
2026/06/10 16:36:24.902, 46, 10.75, 0, 0, [N/A], [N/A]
2026/06/10 16:36:25.926, 46, 10.73, 0, 0, [N/A], [N/A]
2026/06/10 16:36:26.951, 46, 10.77, 0, 0, [N/A], [N/A]
2026/06/10 16:36:27.976, 46, 10.75, 0, 0, [N/A], [N/A]
2026/06/10 16:36:29.003, 46, 10.91, 0, 0, [N/A], [N/A]
2026/06/10 16:36:30.029, 46, 10.92, 0, 0, [N/A], [N/A]
2026/06/10 16:36:31.054, 46, 10.97, 0, 0, [N/A], [N/A]
2026/06/10 16:36:32.080, 46, 10.76, 0, 0, [N/A], [N/A]
2026/06/10 16:36:33.106, 46, 10.79, 0, 0, [N/A], [N/A]
2026/06/10 16:36:34.132, 46, 10.72, 0, 0, [N/A], [N/A]
2026/06/10 16:36:35.157, 46, 10.77, 0, 0, [N/A], [N/A]
2026/06/10 16:36:36.183, 46, 10.70, 0, 0, [N/A], [N/A]
2026/06/10 16:36:37.208, 46, 10.66, 0, 0, [N/A], [N/A]
2026/06/10 16:36:38.233, 46, 10.69, 0, 0, [N/A], [N/A]
2026/06/10 16:36:39.259, 46, 10.70, 0, 0, [N/A], [N/A]
2026/06/10 16:36:40.286, 46, 10.71, 0, 0, [N/A], [N/A]
2026/06/10 16:36:41.311, 46, 10.71, 0, 0, [N/A], [N/A]
2026/06/10 16:36:42.337, 46, 10.71, 0, 0, [N/A], [N/A]
2026/06/10 16:36:43.363, 46, 10.69, 0, 0, [N/A], [N/A]
2026/06/10 16:36:44.388, 46, 10.69, 0, 0, [N/A], [N/A]
2026/06/10 16:36:45.412, 46, 10.67, 0, 0, [N/A], [N/A]
2026/06/10 16:36:46.437, 46, 10.70, 0, 0, [N/A], [N/A]
2026/06/10 16:36:47.462, 46, 10.71, 0, 0, [N/A], [N/A]
2026/06/10 16:36:48.487, 46, 10.72, 0, 0, [N/A], [N/A]
2026/06/10 16:36:49.511, 46, 10.76, 0, 0, [N/A], [N/A]
2026/06/10 16:36:50.534, 46, 10.74, 0, 0, [N/A], [N/A]
2026/06/10 16:36:51.556, 46, 10.80, 0, 0, [N/A], [N/A]
2026/06/10 16:36:52.582, 46, 10.80, 0, 0, [N/A], [N/A]
2026/06/10 16:36:53.608, 46, 10.81, 0, 0, [N/A], [N/A]
2026/06/10 16:36:54.633, 46, 10.88, 0, 0, [N/A], [N/A]
2026/06/10 16:36:55.658, 46, 10.80, 0, 0, [N/A], [N/A]
2026/06/10 16:36:56.683, 46, 10.79, 0, 0, [N/A], [N/A]
2026/06/10 16:36:57.709, 46, 10.77, 0, 0, [N/A], [N/A]
2026/06/10 16:36:58.734, 46, 10.83, 0, 0, [N/A], [N/A]
2026/06/10 16:36:59.762, 46, 10.79, 0, 0, [N/A], [N/A]
2026/06/10 16:37:00.788, 46, 10.79, 0, 0, [N/A], [N/A]
2026/06/10 16:37:01.812, 46, 10.74, 0, 0, [N/A], [N/A]
2026/06/10 16:37:02.836, 46, 10.78, 0, 0, [N/A], [N/A]
2026/06/10 16:37:03.861, 46, 10.74, 0, 0, [N/A], [N/A]
2026/06/10 16:37:04.885, 46, 10.83, 0, 0, [N/A], [N/A]
2026/06/10 16:37:05.910, 46, 10.86, 0, 0, [N/A], [N/A]
2026/06/10 16:37:06.936, 46, 10.88, 0, 0, [N/A], [N/A]
2026/06/10 16:37:07.963, 46, 10.85, 0, 0, [N/A], [N/A]
2026/06/10 16:37:08.989, 46, 10.74, 0, 0, [N/A], [N/A]
2026/06/10 16:37:10.014, 46, 10.79, 0, 0, [N/A], [N/A]
2026/06/10 16:37:11.039, 46, 10.82, 0, 0, [N/A], [N/A]
2026/06/10 16:37:12.063, 46, 10.79, 0, 0, [N/A], [N/A]
2026/06/10 16:37:13.088, 46, 10.76, 0, 0, [N/A], [N/A]
2026/06/10 16:37:14.112, 46, 10.81, 0, 0, [N/A], [N/A]
2026/06/10 16:37:15.139, 46, 10.81, 0, 0, [N/A], [N/A]
2026/06/10 16:37:16.164, 46, 10.74, 0, 0, [N/A], [N/A]
2026/06/10 16:37:17.187, 46, 10.79, 0, 0, [N/A], [N/A]
2026/06/10 16:37:18.210, 46, 10.83, 0, 0, [N/A], [N/A]
2026/06/10 16:37:19.233, 46, 10.80, 0, 0, [N/A], [N/A]
2026/06/10 16:37:20.259, 46, 10.82, 0, 0, [N/A], [N/A]
2026/06/10 16:37:21.284, 46, 10.77, 0, 0, [N/A], [N/A]
2026/06/10 16:37:22.309, 46, 10.79, 0, 0, [N/A], [N/A]
2026/06/10 16:37:23.334, 46, 10.77, 0, 0, [N/A], [N/A]
2026/06/10 16:37:24.360, 46, 10.70, 0, 0, [N/A], [N/A]
2026/06/10 16:37:25.385, 46, 10.72, 0, 0, [N/A], [N/A]
2026/06/10 16:37:26.411, 46, 10.68, 0, 0, [N/A], [N/A]
2026/06/10 16:37:27.437, 46, 10.68, 0, 0, [N/A], [N/A]
2026/06/10 16:37:28.461, 46, 10.74, 0, 0, [N/A], [N/A]
2026/06/10 16:37:29.485, 46, 10.69, 0, 0, [N/A], [N/A]
2026/06/10 16:37:30.511, 46, 10.67, 0, 0, [N/A], [N/A]
2026/06/10 16:37:31.538, 46, 11.11, 0, 0, [N/A], [N/A]
2026/06/10 16:37:32.562, 46, 10.75, 0, 0, [N/A], [N/A]
2026/06/10 16:37:33.587, 46, 10.76, 0, 0, [N/A], [N/A]
2026/06/10 16:37:34.611, 46, 10.76, 0, 0, [N/A], [N/A]
2026/06/10 16:37:35.635, 46, 10.76, 0, 0, [N/A], [N/A]
2026/06/10 16:37:36.659, 46, 10.80, 0, 0, [N/A], [N/A]
2026/06/10 16:37:37.683, 46, 10.83, 0, 0, [N/A], [N/A]
2026/06/10 16:37:38.707, 46, 10.80, 0, 0, [N/A], [N/A]
2026/06/10 16:37:39.731, 46, 10.76, 0, 0, [N/A], [N/A]
2026/06/10 16:37:40.755, 46, 10.78, 0, 0, [N/A], [N/A]
2026/06/10 16:37:41.781, 46, 10.83, 0, 0, [N/A], [N/A]
2026/06/10 16:37:42.808, 46, 10.77, 0, 0, [N/A], [N/A]
2026/06/10 16:37:43.834, 46, 10.77, 0, 0, [N/A], [N/A]
2026/06/10 16:37:44.859, 46, 10.80, 0, 0, [N/A], [N/A]
2026/06/10 16:37:45.886, 46, 10.85, 0, 0, [N/A], [N/A]
2026/06/10 16:37:46.912, 46, 10.79, 0, 0, [N/A], [N/A]
2026/06/10 16:37:47.939, 46, 10.77, 0, 0, [N/A], [N/A]
2026/06/10 16:37:48.964, 46, 10.70, 0, 0, [N/A], [N/A]
2026/06/10 16:37:49.989, 46, 10.81, 0, 0, [N/A], [N/A]
2026/06/10 16:37:51.016, 46, 10.84, 0, 0, [N/A], [N/A]
2026/06/10 16:37:52.041, 46, 10.79, 0, 0, [N/A], [N/A]
2026/06/10 16:37:53.066, 46, 10.78, 0, 0, [N/A], [N/A]
2026/06/10 16:37:54.092, 46, 10.78, 0, 0, [N/A], [N/A]
2026/06/10 16:37:55.117, 46, 10.81, 0, 0, [N/A], [N/A]
2026/06/10 16:37:56.141, 46, 10.77, 0, 0, [N/A], [N/A]
2026/06/10 16:37:57.165, 46, 10.74, 0, 0, [N/A], [N/A]
2026/06/10 16:37:58.188, 46, 10.73, 0, 0, [N/A], [N/A]
2026/06/10 16:37:59.212, 46, 10.76, 0, 0, [N/A], [N/A]
2026/06/10 16:38:00.236, 46, 10.82, 0, 0, [N/A], [N/A]
2026/06/10 16:38:01.261, 46, 10.99, 0, 0, [N/A], [N/A]
2026/06/10 16:38:02.286, 46, 10.79, 0, 0, [N/A], [N/A]
2026/06/10 16:38:03.309, 46, 10.77, 0, 0, [N/A], [N/A]
2026/06/10 16:38:04.333, 46, 10.75, 0, 0, [N/A], [N/A]
2026/06/10 16:38:05.357, 46, 10.77, 0, 0, [N/A], [N/A]
2026/06/10 16:38:06.382, 46, 10.73, 0, 0, [N/A], [N/A]
2026/06/10 16:38:07.406, 46, 10.76, 0, 0, [N/A], [N/A]
2026/06/10 16:38:08.430, 46, 10.76, 0, 0, [N/A], [N/A]
2026/06/10 16:38:09.455, 46, 10.74, 0, 0, [N/A], [N/A]
2026/06/10 16:38:10.479, 46, 10.75, 0, 0, [N/A], [N/A]
2026/06/10 16:38:11.502, 46, 10.72, 0, 0, [N/A], [N/A]
2026/06/10 16:38:12.526, 46, 10.68, 0, 0, [N/A], [N/A]
2026/06/10 16:38:13.550, 46, 10.72, 0, 0, [N/A], [N/A]
2026/06/10 16:38:14.573, 46, 10.73, 0, 0, [N/A], [N/A]
2026/06/10 16:38:15.597, 46, 10.73, 0, 0, [N/A], [N/A]
2026/06/10 16:38:16.621, 46, 10.72, 0, 0, [N/A], [N/A]
2026/06/10 16:38:17.645, 46, 10.72, 0, 0, [N/A], [N/A]
2026/06/10 16:38:18.668, 46, 10.71, 0, 0, [N/A], [N/A]
2026/06/10 16:38:19.692, 46, 10.68, 0, 0, [N/A], [N/A]
2026/06/10 16:38:20.716, 46, 10.67, 0, 0, [N/A], [N/A]
2026/06/10 16:38:21.740, 46, 10.74, 0, 0, [N/A], [N/A]
2026/06/10 16:38:22.765, 46, 10.74, 0, 0, [N/A], [N/A]
2026/06/10 16:38:23.790, 46, 10.69, 0, 0, [N/A], [N/A]
2026/06/10 16:38:24.817, 46, 10.64, 0, 0, [N/A], [N/A]
2026/06/10 16:38:25.843, 46, 10.64, 0, 0, [N/A], [N/A]
2026/06/10 16:38:26.867, 46, 10.62, 0, 0, [N/A], [N/A]
2026/06/10 16:38:27.891, 46, 10.61, 0, 0, [N/A], [N/A]
2026/06/10 16:38:28.915, 46, 10.60, 0, 0, [N/A], [N/A]
2026/06/10 16:38:29.938, 46, 10.62, 0, 0, [N/A], [N/A]
2026/06/10 16:38:30.962, 46, 10.69, 0, 0, [N/A], [N/A]
2026/06/10 16:38:31.987, 46, 10.56, 0, 0, [N/A], [N/A]
2026/06/10 16:38:33.010, 46, 10.60, 0, 0, [N/A], [N/A]
2026/06/10 16:38:34.034, 46, 10.61, 0, 0, [N/A], [N/A]
2026/06/10 16:38:35.059, 45, 10.62, 0, 0, [N/A], [N/A]
2026/06/10 16:38:36.084, 45, 10.63, 0, 0, [N/A], [N/A]
2026/06/10 16:38:37.108, 45, 10.60, 0, 0, [N/A], [N/A]
2026/06/10 16:38:38.134, 45, 10.61, 0, 0, [N/A], [N/A]
2026/06/10 16:38:39.160, 45, 10.65, 0, 0, [N/A], [N/A]
2026/06/10 16:38:40.185, 45, 10.67, 0, 0, [N/A], [N/A]
2026/06/10 16:38:41.208, 45, 10.66, 0, 0, [N/A], [N/A]
2026/06/10 16:38:42.232, 45, 10.60, 0, 0, [N/A], [N/A]
2026/06/10 16:38:43.257, 45, 10.58, 0, 0, [N/A], [N/A]
2026/06/10 16:38:44.281, 45, 10.62, 0, 0, [N/A], [N/A]
2026/06/10 16:38:45.305, 45, 10.61, 0, 0, [N/A], [N/A]
2026/06/10 16:38:46.329, 45, 10.65, 0, 0, [N/A], [N/A]
2026/06/10 16:38:47.352, 45, 10.68, 0, 0, [N/A], [N/A]
2026/06/10 16:38:48.376, 45, 10.65, 0, 0, [N/A], [N/A]
2026/06/10 16:38:49.401, 45, 10.67, 0, 0, [N/A], [N/A]
2026/06/10 16:38:50.426, 45, 10.63, 0, 0, [N/A], [N/A]
2026/06/10 16:38:51.451, 45, 10.64, 0, 0, [N/A], [N/A]
2026/06/10 16:38:52.475, 45, 10.67, 0, 0, [N/A], [N/A]
2026/06/10 16:38:53.501, 45, 10.65, 0, 0, [N/A], [N/A]
2026/06/10 16:38:54.526, 45, 10.62, 0, 0, [N/A], [N/A]
2026/06/10 16:38:55.551, 45, 10.66, 0, 0, [N/A], [N/A]
2026/06/10 16:38:56.576, 45, 10.64, 0, 0, [N/A], [N/A]
2026/06/10 16:38:57.600, 45, 10.60, 0, 0, [N/A], [N/A]
2026/06/10 16:38:58.625, 45, 10.65, 0, 0, [N/A], [N/A]
2026/06/10 16:38:59.650, 45, 10.61, 0, 0, [N/A], [N/A]
2026/06/10 16:39:00.677, 45, 10.62, 0, 0, [N/A], [N/A]
2026/06/10 16:39:01.701, 45, 10.62, 0, 0, [N/A], [N/A]
2026/06/10 16:39:02.725, 45, 10.65, 0, 0, [N/A], [N/A]
2026/06/10 16:39:03.750, 45, 10.65, 0, 0, [N/A], [N/A]
2026/06/10 16:39:04.773, 45, 10.60, 0, 0, [N/A], [N/A]
2026/06/10 16:39:05.796, 45, 10.67, 0, 0, [N/A], [N/A]
2026/06/10 16:39:06.819, 45, 10.66, 0, 0, [N/A], [N/A]
2026/06/10 16:39:07.841, 45, 10.63, 0, 0, [N/A], [N/A]
2026/06/10 16:39:08.867, 45, 10.63, 0, 0, [N/A], [N/A]
2026/06/10 16:39:09.891, 45, 10.65, 0, 0, [N/A], [N/A]
2026/06/10 16:39:10.914, 45, 10.67, 0, 0, [N/A], [N/A]
2026/06/10 16:39:11.939, 45, 10.64, 0, 0, [N/A], [N/A]
2026/06/10 16:39:12.962, 45, 10.65, 0, 0, [N/A], [N/A]
2026/06/10 16:39:13.987, 45, 10.68, 0, 0, [N/A], [N/A]
2026/06/10 16:39:15.012, 45, 10.73, 0, 0, [N/A], [N/A]
2026/06/10 16:39:16.035, 45, 10.71, 0, 0, [N/A], [N/A]
2026/06/10 16:39:17.062, 45, 10.91, 0, 0, [N/A], [N/A]
2026/06/10 16:39:18.087, 46, 10.81, 0, 0, [N/A], [N/A]
2026/06/10 16:39:19.114, 46, 10.77, 0, 0, [N/A], [N/A]
2026/06/10 16:39:20.145, 46, 10.71, 0, 0, [N/A], [N/A]
2026/06/10 16:39:21.174, 46, 10.82, 0, 0, [N/A], [N/A]
2026/06/10 16:39:22.200, 46, 10.79, 0, 0, [N/A], [N/A]
2026/06/10 16:39:23.229, 46, 10.81, 0, 0, [N/A], [N/A]
2026/06/10 16:39:24.255, 46, 10.77, 0, 0, [N/A], [N/A]
2026/06/10 16:39:25.281, 47, 10.80, 0, 0, [N/A], [N/A]
2026/06/10 16:39:26.306, 47, 10.78, 0, 0, [N/A], [N/A]
2026/06/10 16:39:27.333, 47, 10.80, 0, 0, [N/A], [N/A]
2026/06/10 16:39:28.359, 47, 10.78, 0, 0, [N/A], [N/A]
2026/06/10 16:39:29.385, 47, 10.85, 0, 0, [N/A], [N/A]
2026/06/10 16:39:30.410, 47, 10.88, 0, 0, [N/A], [N/A]
2026/06/10 16:39:31.436, 47, 10.85, 0, 0, [N/A], [N/A]
2026/06/10 16:39:32.460, 47, 10.84, 0, 0, [N/A], [N/A]
2026/06/10 16:39:33.484, 47, 10.86, 0, 0, [N/A], [N/A]
2026/06/10 16:39:34.510, 47, 10.82, 0, 0, [N/A], [N/A]
2026/06/10 16:39:35.535, 47, 10.85, 0, 0, [N/A], [N/A]
2026/06/10 16:39:36.562, 47, 10.84, 0, 0, [N/A], [N/A]
2026/06/10 16:39:37.589, 47, 10.86, 0, 0, [N/A], [N/A]
2026/06/10 16:39:38.614, 47, 10.87, 0, 0, [N/A], [N/A]
2026/06/10 16:39:39.641, 47, 10.83, 0, 0, [N/A], [N/A]
2026/06/10 16:39:40.664, 48, 10.88, 0, 0, [N/A], [N/A]
2026/06/10 16:39:41.689, 48, 10.89, 0, 0, [N/A], [N/A]
2026/06/10 16:39:42.718, 48, 10.87, 0, 0, [N/A], [N/A]
2026/06/10 16:39:43.747, 48, 10.86, 0, 0, [N/A], [N/A]
2026/06/10 16:39:44.775, 48, 10.90, 0, 0, [N/A], [N/A]
2026/06/10 16:39:45.801, 48, 10.93, 0, 0, [N/A], [N/A]
2026/06/10 16:39:46.827, 48, 10.94, 0, 0, [N/A], [N/A]
2026/06/10 16:39:47.850, 48, 10.92, 0, 0, [N/A], [N/A]
2026/06/10 16:39:48.875, 48, 10.90, 0, 0, [N/A], [N/A]
2026/06/10 16:39:49.899, 48, 10.84, 0, 0, [N/A], [N/A]
2026/06/10 16:39:50.925, 48, 10.88, 0, 0, [N/A], [N/A]
2026/06/10 16:39:51.951, 48, 10.90, 0, 0, [N/A], [N/A]
2026/06/10 16:39:52.975, 48, 10.91, 0, 0, [N/A], [N/A]
2026/06/10 16:39:54.000, 48, 10.88, 0, 0, [N/A], [N/A]
2026/06/10 16:39:55.024, 48, 11.02, 0, 0, [N/A], [N/A]
2026/06/10 16:39:56.048, 48, 10.99, 0, 0, [N/A], [N/A]
2026/06/10 16:39:57.073, 48, 10.99, 0, 0, [N/A], [N/A]
2026/06/10 16:39:58.098, 48, 10.97, 0, 0, [N/A], [N/A]
2026/06/10 16:39:59.123, 49, 10.94, 0, 0, [N/A], [N/A]
2026/06/10 16:40:00.146, 49, 10.95, 0, 0, [N/A], [N/A]
2026/06/10 16:40:01.168, 49, 10.92, 0, 0, [N/A], [N/A]
2026/06/10 16:40:02.195, 49, 10.99, 0, 0, [N/A], [N/A]
2026/06/10 16:40:03.222, 49, 10.98, 0, 0, [N/A], [N/A]
2026/06/10 16:40:04.248, 49, 11.02, 0, 0, [N/A], [N/A]
2026/06/10 16:40:05.272, 49, 11.03, 0, 0, [N/A], [N/A]
2026/06/10 16:40:06.296, 49, 10.96, 0, 0, [N/A], [N/A]
2026/06/10 16:40:07.320, 49, 11.05, 0, 0, [N/A], [N/A]
2026/06/10 16:40:08.344, 49, 10.97, 0, 0, [N/A], [N/A]
2026/06/10 16:40:09.368, 49, 10.98, 0, 0, [N/A], [N/A]
2026/06/10 16:40:10.392, 49, 10.98, 0, 0, [N/A], [N/A]
2026/06/10 16:40:11.417, 49, 10.94, 0, 0, [N/A], [N/A]
2026/06/10 16:40:12.443, 49, 10.98, 0, 0, [N/A], [N/A]
2026/06/10 16:40:13.469, 49, 11.01, 0, 0, [N/A], [N/A]
2026/06/10 16:40:14.494, 49, 11.04, 0, 0, [N/A], [N/A]
2026/06/10 16:40:15.521, 49, 10.99, 0, 0, [N/A], [N/A]
2026/06/10 16:40:16.547, 49, 10.99, 0, 0, [N/A], [N/A]
2026/06/10 16:40:17.572, 49, 11.01, 0, 0, [N/A], [N/A]
2026/06/10 16:40:18.598, 49, 11.00, 0, 0, [N/A], [N/A]
2026/06/10 16:40:19.622, 49, 11.01, 0, 0, [N/A], [N/A]
2026/06/10 16:40:20.646, 49, 10.99, 0, 0, [N/A], [N/A]
2026/06/10 16:40:21.672, 49, 10.99, 0, 0, [N/A], [N/A]
2026/06/10 16:40:22.697, 49, 11.01, 0, 0, [N/A], [N/A]
2026/06/10 16:40:23.722, 49, 10.98, 0, 0, [N/A], [N/A]
2026/06/10 16:40:24.748, 49, 11.09, 0, 0, [N/A], [N/A]
2026/06/10 16:40:25.774, 49, 11.09, 0, 0, [N/A], [N/A]
2026/06/10 16:40:26.799, 49, 11.06, 0, 0, [N/A], [N/A]
2026/06/10 16:40:27.825, 49, 11.13, 0, 0, [N/A], [N/A]
2026/06/10 16:40:28.850, 49, 11.11, 0, 0, [N/A], [N/A]
2026/06/10 16:40:29.875, 49, 11.03, 0, 0, [N/A], [N/A]
2026/06/10 16:40:30.899, 49, 11.05, 0, 0, [N/A], [N/A]
2026/06/10 16:40:31.924, 49, 11.07, 0, 0, [N/A], [N/A]
2026/06/10 16:40:32.951, 49, 11.02, 0, 0, [N/A], [N/A]
2026/06/10 16:40:33.977, 49, 11.07, 0, 0, [N/A], [N/A]
2026/06/10 16:40:35.003, 49, 11.06, 0, 0, [N/A], [N/A]
2026/06/10 16:40:36.029, 49, 10.98, 0, 0, [N/A], [N/A]
2026/06/10 16:40:37.055, 49, 10.94, 0, 0, [N/A], [N/A]
2026/06/10 16:40:38.080, 49, 11.00, 0, 0, [N/A], [N/A]
2026/06/10 16:40:39.104, 49, 10.89, 0, 0, [N/A], [N/A]
2026/06/10 16:40:40.129, 49, 10.95, 0, 0, [N/A], [N/A]
2026/06/10 16:40:41.155, 49, 10.97, 0, 0, [N/A], [N/A]
2026/06/10 16:40:42.180, 49, 10.96, 0, 0, [N/A], [N/A]
2026/06/10 16:40:43.205, 49, 11.02, 0, 0, [N/A], [N/A]
2026/06/10 16:40:44.230, 49, 11.02, 0, 0, [N/A], [N/A]
2026/06/10 16:40:45.257, 49, 10.95, 0, 0, [N/A], [N/A]
2026/06/10 16:40:46.282, 49, 10.97, 0, 0, [N/A], [N/A]
2026/06/10 16:40:47.308, 49, 10.97, 0, 0, [N/A], [N/A]
2026/06/10 16:40:48.333, 49, 10.96, 0, 0, [N/A], [N/A]
2026/06/10 16:40:49.358, 49, 10.96, 0, 0, [N/A], [N/A]
2026/06/10 16:40:50.382, 49, 11.01, 0, 0, [N/A], [N/A]
2026/06/10 16:40:51.406, 49, 11.02, 0, 0, [N/A], [N/A]
2026/06/10 16:40:52.430, 49, 10.98, 0, 0, [N/A], [N/A]
2026/06/10 16:40:53.456, 49, 10.97, 0, 0, [N/A], [N/A]
2026/06/10 16:40:54.481, 49, 11.01, 0, 0, [N/A], [N/A]
2026/06/10 16:40:55.506, 49, 11.05, 0, 0, [N/A], [N/A]
2026/06/10 16:40:56.531, 49, 11.02, 0, 0, [N/A], [N/A]
2026/06/10 16:40:57.557, 49, 11.02, 0, 0, [N/A], [N/A]
2026/06/10 16:40:58.581, 49, 11.03, 0, 0, [N/A], [N/A]
2026/06/10 16:40:59.606, 49, 10.99, 0, 0, [N/A], [N/A]
2026/06/10 16:41:00.632, 49, 11.02, 0, 0, [N/A], [N/A]
2026/06/10 16:41:01.659, 49, 10.98, 0, 0, [N/A], [N/A]
2026/06/10 16:41:02.684, 49, 11.02, 0, 0, [N/A], [N/A]
2026/06/10 16:41:03.708, 49, 11.04, 0, 0, [N/A], [N/A]
2026/06/10 16:41:04.733, 49, 11.03, 0, 0, [N/A], [N/A]
2026/06/10 16:41:05.757, 49, 10.98, 0, 0, [N/A], [N/A]
2026/06/10 16:41:06.783, 49, 11.01, 0, 0, [N/A], [N/A]
2026/06/10 16:41:07.807, 49, 11.00, 0, 0, [N/A], [N/A]
2026/06/10 16:41:08.831, 48, 11.01, 0, 0, [N/A], [N/A]
2026/06/10 16:41:09.856, 48, 11.06, 0, 0, [N/A], [N/A]
2026/06/10 16:41:10.881, 48, 11.02, 0, 0, [N/A], [N/A]
2026/06/10 16:41:11.905, 48, 10.94, 0, 0, [N/A], [N/A]
2026/06/10 16:41:12.930, 48, 11.00, 0, 0, [N/A], [N/A]
2026/06/10 16:41:13.955, 48, 10.99, 0, 0, [N/A], [N/A]
2026/06/10 16:41:14.979, 48, 10.94, 0, 0, [N/A], [N/A]
2026/06/10 16:41:16.004, 48, 10.98, 0, 0, [N/A], [N/A]
2026/06/10 16:41:17.029, 48, 11.01, 0, 0, [N/A], [N/A]
2026/06/10 16:41:18.055, 48, 11.01, 0, 0, [N/A], [N/A]
2026/06/10 16:41:19.082, 48, 11.07, 0, 0, [N/A], [N/A]
2026/06/10 16:41:20.106, 48, 11.00, 0, 0, [N/A], [N/A]
2026/06/10 16:41:21.130, 48, 11.01, 0, 0, [N/A], [N/A]
2026/06/10 16:41:22.154, 48, 11.01, 0, 0, [N/A], [N/A]
2026/06/10 16:41:23.178, 48, 11.06, 0, 0, [N/A], [N/A]
2026/06/10 16:41:24.203, 48, 11.04, 0, 0, [N/A], [N/A]
2026/06/10 16:41:25.227, 48, 11.03, 0, 0, [N/A], [N/A]
2026/06/10 16:41:26.253, 48, 10.94, 0, 0, [N/A], [N/A]
2026/06/10 16:41:27.278, 48, 11.00, 0, 0, [N/A], [N/A]
2026/06/10 16:41:28.304, 48, 10.98, 0, 0, [N/A], [N/A]
2026/06/10 16:41:29.328, 48, 11.00, 0, 0, [N/A], [N/A]
2026/06/10 16:41:30.352, 48, 10.96, 0, 0, [N/A], [N/A]
2026/06/10 16:41:31.380, 48, 10.98, 0, 0, [N/A], [N/A]
2026/06/10 16:41:32.403, 48, 10.94, 0, 0, [N/A], [N/A]
2026/06/10 16:41:33.428, 48, 10.94, 0, 0, [N/A], [N/A]
2026/06/10 16:41:34.450, 48, 10.90, 0, 0, [N/A], [N/A]
2026/06/10 16:41:35.477, 48, 10.94, 0, 0, [N/A], [N/A]
2026/06/10 16:41:36.502, 48, 10.91, 0, 0, [N/A], [N/A]
2026/06/10 16:41:37.528, 48, 10.90, 0, 0, [N/A], [N/A]
2026/06/10 16:41:38.554, 48, 10.93, 0, 0, [N/A], [N/A]
2026/06/10 16:41:39.580, 48, 10.95, 0, 0, [N/A], [N/A]
2026/06/10 16:41:40.605, 48, 10.93, 0, 0, [N/A], [N/A]
2026/06/10 16:41:41.631, 48, 10.92, 0, 0, [N/A], [N/A]
2026/06/10 16:41:42.656, 48, 10.92, 0, 0, [N/A], [N/A]
2026/06/10 16:41:43.683, 48, 10.83, 0, 0, [N/A], [N/A]
2026/06/10 16:41:44.708, 48, 10.90, 0, 0, [N/A], [N/A]
2026/06/10 16:41:45.732, 48, 10.90, 0, 0, [N/A], [N/A]
2026/06/10 16:41:46.756, 48, 10.85, 0, 0, [N/A], [N/A]
2026/06/10 16:41:47.781, 48, 10.84, 0, 0, [N/A], [N/A]
2026/06/10 16:41:48.808, 48, 10.85, 0, 0, [N/A], [N/A]
2026/06/10 16:41:49.835, 48, 10.85, 0, 0, [N/A], [N/A]
2026/06/10 16:41:50.863, 48, 10.94, 0, 0, [N/A], [N/A]
2026/06/10 16:41:51.890, 48, 10.86, 0, 0, [N/A], [N/A]
2026/06/10 16:41:52.917, 48, 10.90, 0, 0, [N/A], [N/A]
2026/06/10 16:41:53.944, 47, 10.94, 0, 0, [N/A], [N/A]
2026/06/10 16:41:54.968, 47, 10.90, 0, 0, [N/A], [N/A]
2026/06/10 16:41:55.993, 47, 10.87, 0, 0, [N/A], [N/A]
2026/06/10 16:41:57.021, 47, 10.85, 0, 0, [N/A], [N/A]
2026/06/10 16:41:58.047, 47, 10.86, 0, 0, [N/A], [N/A]
2026/06/10 16:41:59.073, 47, 10.83, 0, 0, [N/A], [N/A]
2026/06/10 16:42:00.098, 47, 10.87, 0, 0, [N/A], [N/A]
2026/06/10 16:42:01.124, 47, 10.83, 0, 0, [N/A], [N/A]
2026/06/10 16:42:02.149, 47, 10.87, 0, 0, [N/A], [N/A]
2026/06/10 16:42:03.175, 47, 10.88, 0, 0, [N/A], [N/A]
2026/06/10 16:42:04.199, 47, 10.81, 0, 0, [N/A], [N/A]
2026/06/10 16:42:05.226, 47, 10.89, 0, 0, [N/A], [N/A]
2026/06/10 16:42:06.250, 47, 10.92, 0, 0, [N/A], [N/A]
2026/06/10 16:42:07.274, 47, 10.82, 0, 0, [N/A], [N/A]
2026/06/10 16:42:08.300, 47, 10.86, 0, 0, [N/A], [N/A]
2026/06/10 16:42:09.325, 47, 10.81, 0, 0, [N/A], [N/A]
2026/06/10 16:42:10.351, 47, 10.86, 0, 0, [N/A], [N/A]
2026/06/10 16:42:11.376, 47, 10.88, 0, 0, [N/A], [N/A]
2026/06/10 16:42:12.401, 47, 10.87, 0, 0, [N/A], [N/A]
2026/06/10 16:42:13.425, 47, 10.90, 0, 0, [N/A], [N/A]
2026/06/10 16:42:14.450, 47, 10.83, 0, 0, [N/A], [N/A]
2026/06/10 16:42:15.475, 47, 10.84, 0, 0, [N/A], [N/A]
2026/06/10 16:42:16.500, 46, 10.81, 0, 0, [N/A], [N/A]
2026/06/10 16:42:17.524, 46, 10.83, 0, 0, [N/A], [N/A]
2026/06/10 16:42:18.550, 46, 10.79, 0, 0, [N/A], [N/A]
2026/06/10 16:42:19.575, 46, 10.71, 0, 0, [N/A], [N/A]
2026/06/10 16:42:20.599, 46, 10.80, 0, 0, [N/A], [N/A]
2026/06/10 16:42:21.624, 46, 10.81, 0, 0, [N/A], [N/A]
2026/06/10 16:42:22.649, 46, 10.75, 0, 0, [N/A], [N/A]
2026/06/10 16:42:23.673, 46, 10.75, 0, 0, [N/A], [N/A]
2026/06/10 16:42:24.698, 46, 10.83, 0, 0, [N/A], [N/A]
2026/06/10 16:42:25.723, 46, 10.79, 0, 0, [N/A], [N/A]
2026/06/10 16:42:26.748, 46, 10.74, 0, 0, [N/A], [N/A]
2026/06/10 16:42:27.773, 46, 10.76, 0, 0, [N/A], [N/A]
2026/06/10 16:42:28.798, 46, 10.71, 0, 0, [N/A], [N/A]
2026/06/10 16:42:29.823, 46, 10.73, 0, 0, [N/A], [N/A]
2026/06/10 16:42:30.848, 46, 10.68, 0, 0, [N/A], [N/A]
2026/06/10 16:42:31.872, 46, 10.76, 0, 0, [N/A], [N/A]
2026/06/10 16:42:32.897, 46, 10.77, 0, 0, [N/A], [N/A]
2026/06/10 16:42:33.921, 46, 10.85, 0, 0, [N/A], [N/A]
2026/06/10 16:42:34.946, 46, 10.80, 0, 0, [N/A], [N/A]
2026/06/10 16:42:35.971, 46, 10.76, 0, 0, [N/A], [N/A]
2026/06/10 16:42:36.995, 46, 10.76, 0, 0, [N/A], [N/A]
2026/06/10 16:42:38.020, 46, 10.81, 0, 0, [N/A], [N/A]
2026/06/10 16:42:39.045, 46, 10.84, 0, 0, [N/A], [N/A]
2026/06/10 16:42:40.071, 46, 10.84, 0, 0, [N/A], [N/A]
2026/06/10 16:42:41.094, 46, 10.82, 0, 0, [N/A], [N/A]
2026/06/10 16:42:42.118, 46, 10.83, 0, 0, [N/A], [N/A]
2026/06/10 16:42:43.144, 46, 10.81, 0, 0, [N/A], [N/A]
2026/06/10 16:42:44.171, 46, 10.80, 0, 0, [N/A], [N/A]
2026/06/10 16:42:45.195, 46, 10.86, 0, 0, [N/A], [N/A]
2026/06/10 16:42:46.219, 46, 10.86, 0, 0, [N/A], [N/A]
2026/06/10 16:42:47.245, 46, 10.84, 0, 0, [N/A], [N/A]
2026/06/10 16:42:48.270, 46, 10.82, 0, 0, [N/A], [N/A]
2026/06/10 16:42:49.293, 46, 10.84, 0, 0, [N/A], [N/A]
2026/06/10 16:42:50.318, 46, 10.80, 0, 0, [N/A], [N/A]
2026/06/10 16:42:51.343, 46, 10.88, 0, 0, [N/A], [N/A]
2026/06/10 16:42:52.367, 46, 10.86, 0, 0, [N/A], [N/A]
2026/06/10 16:42:53.391, 46, 10.80, 0, 0, [N/A], [N/A]
2026/06/10 16:42:54.414, 46, 10.80, 0, 0, [N/A], [N/A]
2026/06/10 16:42:55.438, 46, 10.81, 0, 0, [N/A], [N/A]
2026/06/10 16:42:56.461, 46, 10.77, 0, 0, [N/A], [N/A]
2026/06/10 16:42:57.486, 46, 10.79, 0, 0, [N/A], [N/A]
2026/06/10 16:42:58.509, 46, 10.80, 0, 0, [N/A], [N/A]
2026/06/10 16:42:59.532, 46, 10.81, 0, 0, [N/A], [N/A]
2026/06/10 16:43:00.555, 45, 10.84, 0, 0, [N/A], [N/A]
2026/06/10 16:43:01.579, 45, 10.82, 0, 0, [N/A], [N/A]
2026/06/10 16:43:02.605, 45, 10.79, 0, 0, [N/A], [N/A]
2026/06/10 16:43:03.631, 45, 10.81, 0, 0, [N/A], [N/A]
2026/06/10 16:43:04.657, 45, 10.85, 0, 0, [N/A], [N/A]
2026/06/10 16:43:05.684, 45, 10.80, 0, 0, [N/A], [N/A]
2026/06/10 16:43:06.709, 45, 10.78, 0, 0, [N/A], [N/A]
2026/06/10 16:43:07.734, 45, 10.77, 0, 0, [N/A], [N/A]
2026/06/10 16:43:08.760, 45, 10.72, 0, 0, [N/A], [N/A]
2026/06/10 16:43:09.785, 45, 10.70, 0, 0, [N/A], [N/A]
2026/06/10 16:43:10.811, 45, 10.70, 0, 0, [N/A], [N/A]
2026/06/10 16:43:11.837, 45, 10.76, 0, 0, [N/A], [N/A]
2026/06/10 16:43:12.862, 45, 10.75, 0, 0, [N/A], [N/A]
2026/06/10 16:43:13.887, 45, 10.78, 0, 0, [N/A], [N/A]
2026/06/10 16:43:14.912, 45, 10.70, 0, 0, [N/A], [N/A]
2026/06/10 16:43:15.937, 45, 10.70, 0, 0, [N/A], [N/A]
2026/06/10 16:43:16.960, 45, 10.76, 0, 0, [N/A], [N/A]
2026/06/10 16:43:17.984, 45, 10.75, 0, 0, [N/A], [N/A]
2026/06/10 16:43:19.009, 45, 10.77, 0, 0, [N/A], [N/A]
2026/06/10 16:43:20.034, 45, 10.72, 0, 0, [N/A], [N/A]
2026/06/10 16:43:21.061, 45, 10.73, 0, 0, [N/A], [N/A]
2026/06/10 16:43:22.090, 45, 10.76, 0, 0, [N/A], [N/A]
2026/06/10 16:43:23.115, 45, 10.71, 0, 0, [N/A], [N/A]
2026/06/10 16:43:24.142, 45, 10.64, 0, 0, [N/A], [N/A]
2026/06/10 16:43:25.169, 45, 10.75, 0, 0, [N/A], [N/A]
2026/06/10 16:43:26.195, 45, 10.70, 0, 0, [N/A], [N/A]
2026/06/10 16:43:27.223, 45, 10.71, 0, 0, [N/A], [N/A]
2026/06/10 16:43:28.249, 45, 10.72, 0, 0, [N/A], [N/A]
2026/06/10 16:43:29.273, 45, 10.74, 0, 0, [N/A], [N/A]
2026/06/10 16:43:30.301, 45, 10.76, 0, 0, [N/A], [N/A]
2026/06/10 16:43:31.327, 45, 10.76, 0, 0, [N/A], [N/A]
2026/06/10 16:43:32.354, 45, 10.77, 0, 0, [N/A], [N/A]
2026/06/10 16:43:33.380, 45, 10.75, 0, 0, [N/A], [N/A]
2026/06/10 16:43:34.407, 45, 10.80, 0, 0, [N/A], [N/A]
2026/06/10 16:43:35.432, 45, 10.77, 0, 0, [N/A], [N/A]
2026/06/10 16:43:36.458, 45, 10.71, 0, 0, [N/A], [N/A]
2026/06/10 16:43:37.483, 45, 10.77, 0, 0, [N/A], [N/A]
2026/06/10 16:43:38.509, 45, 10.77, 0, 0, [N/A], [N/A]
2026/06/10 16:43:39.533, 45, 10.79, 0, 0, [N/A], [N/A]
2026/06/10 16:43:40.557, 45, 10.76, 0, 0, [N/A], [N/A]
2026/06/10 16:43:41.582, 45, 10.80, 0, 0, [N/A], [N/A]
2026/06/10 16:43:42.607, 45, 10.77, 0, 0, [N/A], [N/A]
2026/06/10 16:43:43.632, 45, 10.75, 0, 0, [N/A], [N/A]
2026/06/10 16:43:44.656, 45, 10.74, 0, 0, [N/A], [N/A]
2026/06/10 16:43:45.680, 45, 10.73, 0, 0, [N/A], [N/A]
2026/06/10 16:43:46.706, 45, 10.70, 0, 0, [N/A], [N/A]
2026/06/10 16:43:47.732, 45, 10.70, 0, 0, [N/A], [N/A]
2026/06/10 16:43:48.757, 45, 10.68, 0, 0, [N/A], [N/A]
2026/06/10 16:43:49.782, 45, 10.71, 0, 0, [N/A], [N/A]
2026/06/10 16:43:50.807, 45, 10.74, 0, 0, [N/A], [N/A]
2026/06/10 16:43:51.833, 45, 10.73, 0, 0, [N/A], [N/A]
2026/06/10 16:43:52.860, 45, 10.75, 0, 0, [N/A], [N/A]
2026/06/10 16:43:53.888, 45, 10.73, 0, 0, [N/A], [N/A]
2026/06/10 16:43:54.914, 45, 10.72, 0, 0, [N/A], [N/A]
2026/06/10 16:43:55.939, 45, 10.71, 0, 0, [N/A], [N/A]
2026/06/10 16:43:56.964, 45, 10.74, 0, 0, [N/A], [N/A]
2026/06/10 16:43:57.987, 45, 10.71, 0, 0, [N/A], [N/A]
2026/06/10 16:43:59.013, 45, 10.75, 0, 0, [N/A], [N/A]
2026/06/10 16:44:00.040, 45, 10.77, 0, 0, [N/A], [N/A]
2026/06/10 16:44:01.067, 45, 10.79, 0, 0, [N/A], [N/A]
2026/06/10 16:44:02.094, 45, 10.81, 0, 0, [N/A], [N/A]
2026/06/10 16:44:03.118, 45, 10.84, 0, 0, [N/A], [N/A]
2026/06/10 16:44:04.143, 45, 10.76, 0, 0, [N/A], [N/A]
2026/06/10 16:44:05.168, 45, 10.77, 0, 0, [N/A], [N/A]
2026/06/10 16:44:06.193, 45, 10.71, 0, 0, [N/A], [N/A]
2026/06/10 16:44:07.217, 45, 10.73, 0, 0, [N/A], [N/A]
2026/06/10 16:44:08.242, 45, 10.70, 0, 0, [N/A], [N/A]
2026/06/10 16:44:09.265, 45, 10.69, 0, 0, [N/A], [N/A]
2026/06/10 16:44:10.290, 45, 10.67, 0, 0, [N/A], [N/A]
2026/06/10 16:44:11.315, 45, 10.69, 0, 0, [N/A], [N/A]
2026/06/10 16:44:12.340, 45, 10.67, 0, 0, [N/A], [N/A]
2026/06/10 16:44:13.366, 45, 10.67, 0, 0, [N/A], [N/A]
2026/06/10 16:44:14.391, 45, 10.65, 0, 0, [N/A], [N/A]
2026/06/10 16:44:15.416, 45, 10.62, 0, 0, [N/A], [N/A]
2026/06/10 16:44:16.439, 45, 10.67, 0, 0, [N/A], [N/A]
2026/06/10 16:44:17.463, 45, 10.65, 0, 0, [N/A], [N/A]
2026/06/10 16:44:18.487, 45, 10.67, 0, 0, [N/A], [N/A]
2026/06/10 16:44:19.512, 45, 10.70, 0, 0, [N/A], [N/A]
2026/06/10 16:44:20.537, 45, 10.75, 0, 0, [N/A], [N/A]
2026/06/10 16:44:21.561, 45, 10.72, 0, 0, [N/A], [N/A]
2026/06/10 16:44:22.585, 45, 10.73, 0, 0, [N/A], [N/A]
2026/06/10 16:44:23.610, 45, 10.73, 0, 0, [N/A], [N/A]
2026/06/10 16:44:24.633, 45, 10.67, 0, 0, [N/A], [N/A]
2026/06/10 16:44:25.658, 45, 10.69, 0, 0, [N/A], [N/A]
2026/06/10 16:44:26.684, 45, 10.68, 0, 0, [N/A], [N/A]
2026/06/10 16:44:27.709, 45, 10.70, 0, 0, [N/A], [N/A]
2026/06/10 16:44:28.734, 45, 10.69, 0, 0, [N/A], [N/A]
2026/06/10 16:44:29.758, 45, 10.65, 0, 0, [N/A], [N/A]
2026/06/10 16:44:30.783, 45, 10.65, 0, 0, [N/A], [N/A]
2026/06/10 16:44:31.807, 45, 10.64, 0, 0, [N/A], [N/A]
2026/06/10 16:44:32.830, 45, 10.65, 0, 0, [N/A], [N/A]
2026/06/10 16:44:33.855, 45, 10.62, 0, 0, [N/A], [N/A]
2026/06/10 16:44:34.880, 45, 10.65, 0, 0, [N/A], [N/A]
2026/06/10 16:44:35.903, 45, 10.65, 0, 0, [N/A], [N/A]
2026/06/10 16:44:36.928, 45, 10.65, 0, 0, [N/A], [N/A]
2026/06/10 16:44:37.953, 45, 10.64, 0, 0, [N/A], [N/A]
2026/06/10 16:44:38.976, 45, 10.71, 0, 0, [N/A], [N/A]
2026/06/10 16:44:40.001, 45, 10.67, 0, 0, [N/A], [N/A]
2026/06/10 16:44:41.025, 45, 10.64, 0, 0, [N/A], [N/A]
2026/06/10 16:44:42.049, 45, 10.62, 0, 0, [N/A], [N/A]
2026/06/10 16:44:43.073, 45, 10.65, 0, 0, [N/A], [N/A]
2026/06/10 16:44:44.098, 45, 10.66, 0, 0, [N/A], [N/A]
2026/06/10 16:44:45.121, 45, 10.65, 0, 0, [N/A], [N/A]
2026/06/10 16:44:46.145, 44, 10.68, 0, 0, [N/A], [N/A]
2026/06/10 16:44:47.169, 45, 10.68, 0, 0, [N/A], [N/A]
2026/06/10 16:44:48.194, 44, 10.67, 0, 0, [N/A], [N/A]
2026/06/10 16:44:49.219, 44, 10.55, 0, 0, [N/A], [N/A]
2026/06/10 16:44:50.242, 44, 10.63, 0, 0, [N/A], [N/A]
2026/06/10 16:44:51.266, 44, 10.62, 0, 0, [N/A], [N/A]
2026/06/10 16:44:52.289, 44, 10.63, 0, 0, [N/A], [N/A]
2026/06/10 16:44:53.313, 44, 10.70, 0, 0, [N/A], [N/A]
2026/06/10 16:44:54.337, 44, 10.70, 0, 0, [N/A], [N/A]
2026/06/10 16:44:55.361, 44, 10.59, 0, 0, [N/A], [N/A]
2026/06/10 16:44:56.385, 44, 10.65, 0, 0, [N/A], [N/A]
2026/06/10 16:44:57.409, 44, 10.65, 0, 0, [N/A], [N/A]
2026/06/10 16:44:58.434, 44, 10.65, 0, 0, [N/A], [N/A]
2026/06/10 16:44:59.458, 44, 10.67, 0, 0, [N/A], [N/A]
2026/06/10 16:45:00.482, 44, 10.66, 0, 0, [N/A], [N/A]
2026/06/10 16:45:01.507, 44, 10.64, 0, 0, [N/A], [N/A]
2026/06/10 16:45:02.533, 44, 10.67, 0, 0, [N/A], [N/A]
2026/06/10 16:45:03.558, 44, 10.61, 0, 0, [N/A], [N/A]
2026/06/10 16:45:04.583, 44, 10.66, 0, 0, [N/A], [N/A]
2026/06/10 16:45:05.610, 44, 10.72, 0, 0, [N/A], [N/A]
2026/06/10 16:45:06.635, 44, 10.74, 0, 0, [N/A], [N/A]
2026/06/10 16:45:07.659, 44, 10.69, 0, 0, [N/A], [N/A]
2026/06/10 16:45:08.685, 44, 10.66, 0, 0, [N/A], [N/A]
2026/06/10 16:45:09.711, 44, 10.72, 0, 0, [N/A], [N/A]
2026/06/10 16:45:10.736, 44, 10.70, 0, 0, [N/A], [N/A]
2026/06/10 16:45:11.761, 44, 10.68, 0, 0, [N/A], [N/A]
2026/06/10 16:45:12.787, 44, 10.70, 0, 0, [N/A], [N/A]
2026/06/10 16:45:13.813, 44, 10.69, 0, 0, [N/A], [N/A]
2026/06/10 16:45:14.836, 44, 10.66, 0, 0, [N/A], [N/A]
2026/06/10 16:45:15.860, 44, 10.66, 0, 0, [N/A], [N/A]
2026/06/10 16:45:16.884, 44, 10.68, 0, 0, [N/A], [N/A]
2026/06/10 16:45:17.908, 44, 10.65, 0, 0, [N/A], [N/A]
2026/06/10 16:45:18.934, 44, 10.71, 0, 0, [N/A], [N/A]
2026/06/10 16:45:19.961, 44, 10.76, 0, 0, [N/A], [N/A]
2026/06/10 16:45:20.987, 44, 10.69, 0, 0, [N/A], [N/A]
2026/06/10 16:45:22.012, 44, 10.69, 0, 0, [N/A], [N/A]
2026/06/10 16:45:23.039, 44, 10.65, 0, 0, [N/A], [N/A]
2026/06/10 16:45:24.064, 44, 10.65, 0, 0, [N/A], [N/A]
2026/06/10 16:45:25.090, 44, 10.65, 0, 0, [N/A], [N/A]
2026/06/10 16:45:26.115, 44, 10.66, 0, 0, [N/A], [N/A]
2026/06/10 16:45:27.141, 44, 10.64, 0, 0, [N/A], [N/A]
2026/06/10 16:45:28.168, 44, 10.66, 0, 0, [N/A], [N/A]
2026/06/10 16:45:29.194, 44, 10.66, 0, 0, [N/A], [N/A]
2026/06/10 16:45:30.221, 44, 10.70, 0, 0, [N/A], [N/A]
2026/06/10 16:45:31.248, 44, 10.69, 0, 0, [N/A], [N/A]
2026/06/10 16:45:32.274, 44, 10.60, 0, 0, [N/A], [N/A]
2026/06/10 16:45:33.298, 44, 10.62, 0, 0, [N/A], [N/A]
2026/06/10 16:45:34.322, 44, 10.68, 0, 0, [N/A], [N/A]
2026/06/10 16:45:35.348, 44, 10.70, 0, 0, [N/A], [N/A]
2026/06/10 16:45:36.374, 44, 10.67, 0, 0, [N/A], [N/A]
2026/06/10 16:45:37.400, 44, 10.69, 0, 0, [N/A], [N/A]
2026/06/10 16:45:38.425, 44, 10.72, 0, 0, [N/A], [N/A]
2026/06/10 16:45:39.450, 44, 10.68, 0, 0, [N/A], [N/A]
2026/06/10 16:45:40.477, 44, 10.69, 0, 0, [N/A], [N/A]
2026/06/10 16:45:41.502, 44, 10.66, 0, 0, [N/A], [N/A]
2026/06/10 16:45:42.527, 44, 10.68, 0, 0, [N/A], [N/A]
2026/06/10 16:45:43.551, 44, 10.71, 0, 0, [N/A], [N/A]
2026/06/10 16:45:44.576, 44, 10.68, 0, 0, [N/A], [N/A]
2026/06/10 16:45:45.603, 44, 10.65, 0, 0, [N/A], [N/A]
2026/06/10 16:45:46.628, 44, 10.63, 0, 0, [N/A], [N/A]
2026/06/10 16:45:47.651, 44, 10.61, 0, 0, [N/A], [N/A]
2026/06/10 16:45:48.674, 44, 10.69, 0, 0, [N/A], [N/A]
2026/06/10 16:45:49.699, 44, 10.64, 0, 0, [N/A], [N/A]
2026/06/10 16:45:50.723, 44, 10.65, 0, 0, [N/A], [N/A]
2026/06/10 16:45:51.747, 44, 10.58, 0, 0, [N/A], [N/A]
2026/06/10 16:45:52.771, 44, 10.64, 0, 0, [N/A], [N/A]
2026/06/10 16:45:53.796, 44, 10.65, 0, 0, [N/A], [N/A]
2026/06/10 16:45:54.821, 44, 10.67, 0, 0, [N/A], [N/A]
2026/06/10 16:45:55.847, 44, 10.67, 0, 0, [N/A], [N/A]
2026/06/10 16:45:56.872, 44, 10.65, 0, 0, [N/A], [N/A]
2026/06/10 16:45:57.897, 44, 10.60, 0, 0, [N/A], [N/A]
2026/06/10 16:45:58.922, 44, 10.59, 0, 0, [N/A], [N/A]
2026/06/10 16:45:59.950, 44, 10.63, 0, 0, [N/A], [N/A]
2026/06/10 16:46:00.977, 44, 10.62, 0, 0, [N/A], [N/A]
2026/06/10 16:46:02.003, 44, 10.59, 0, 0, [N/A], [N/A]
2026/06/10 16:46:03.029, 44, 10.55, 0, 0, [N/A], [N/A]
2026/06/10 16:46:04.053, 44, 10.57, 0, 0, [N/A], [N/A]
2026/06/10 16:46:05.078, 44, 10.65, 0, 0, [N/A], [N/A]
2026/06/10 16:46:06.102, 44, 10.64, 0, 0, [N/A], [N/A]
2026/06/10 16:46:07.127, 44, 10.62, 0, 0, [N/A], [N/A]
2026/06/10 16:46:08.153, 44, 10.61, 0, 0, [N/A], [N/A]
2026/06/10 16:46:09.178, 44, 10.59, 0, 0, [N/A], [N/A]
2026/06/10 16:46:10.203, 44, 10.57, 0, 0, [N/A], [N/A]
2026/06/10 16:46:11.228, 44, 10.56, 0, 0, [N/A], [N/A]
2026/06/10 16:46:12.253, 44, 10.53, 0, 0, [N/A], [N/A]
2026/06/10 16:46:13.278, 44, 10.51, 0, 0, [N/A], [N/A]
2026/06/10 16:46:14.305, 44, 10.58, 0, 0, [N/A], [N/A]
2026/06/10 16:46:15.330, 44, 10.55, 0, 0, [N/A], [N/A]
2026/06/10 16:46:16.352, 44, 10.58, 0, 0, [N/A], [N/A]
2026/06/10 16:46:17.375, 44, 10.63, 0, 0, [N/A], [N/A]
2026/06/10 16:46:18.400, 44, 10.60, 0, 0, [N/A], [N/A]
2026/06/10 16:46:19.424, 44, 10.57, 0, 0, [N/A], [N/A]
2026/06/10 16:46:20.448, 44, 10.58, 0, 0, [N/A], [N/A]
2026/06/10 16:46:21.473, 44, 10.64, 0, 0, [N/A], [N/A]
2026/06/10 16:46:22.499, 44, 10.63, 0, 0, [N/A], [N/A]
2026/06/10 16:46:23.527, 44, 10.59, 0, 0, [N/A], [N/A]
2026/06/10 16:46:24.553, 44, 10.54, 0, 0, [N/A], [N/A]
2026/06/10 16:46:25.578, 44, 10.61, 0, 0, [N/A], [N/A]
2026/06/10 16:46:26.605, 44, 10.59, 0, 0, [N/A], [N/A]
2026/06/10 16:46:27.631, 44, 10.56, 0, 0, [N/A], [N/A]
2026/06/10 16:46:28.658, 44, 10.61, 0, 0, [N/A], [N/A]
2026/06/10 16:46:29.684, 44, 10.60, 0, 0, [N/A], [N/A]
2026/06/10 16:46:30.708, 44, 10.57, 0, 0, [N/A], [N/A]
2026/06/10 16:46:31.735, 44, 10.56, 0, 0, [N/A], [N/A]
2026/06/10 16:46:32.761, 44, 10.57, 0, 0, [N/A], [N/A]
2026/06/10 16:46:33.788, 44, 10.55, 0, 0, [N/A], [N/A]
2026/06/10 16:46:34.816, 44, 10.55, 0, 0, [N/A], [N/A]
2026/06/10 16:46:35.843, 44, 10.55, 0, 0, [N/A], [N/A]
2026/06/10 16:46:36.868, 44, 10.59, 0, 0, [N/A], [N/A]
2026/06/10 16:46:37.894, 44, 10.60, 0, 0, [N/A], [N/A]
2026/06/10 16:46:38.921, 44, 10.62, 0, 0, [N/A], [N/A]
2026/06/10 16:46:39.947, 44, 10.62, 0, 0, [N/A], [N/A]
2026/06/10 16:46:40.974, 44, 10.55, 0, 0, [N/A], [N/A]
2026/06/10 16:46:42.002, 44, 10.56, 0, 0, [N/A], [N/A]
2026/06/10 16:46:43.028, 44, 10.54, 0, 0, [N/A], [N/A]
2026/06/10 16:46:44.055, 44, 10.63, 0, 0, [N/A], [N/A]
2026/06/10 16:46:45.082, 44, 10.55, 0, 0, [N/A], [N/A]
2026/06/10 16:46:46.109, 44, 10.55, 0, 0, [N/A], [N/A]
2026/06/10 16:46:47.136, 44, 10.62, 0, 0, [N/A], [N/A]
2026/06/10 16:46:48.164, 44, 10.62, 0, 0, [N/A], [N/A]
2026/06/10 16:46:49.189, 44, 10.58, 0, 0, [N/A], [N/A]
2026/06/10 16:46:50.214, 44, 10.60, 0, 0, [N/A], [N/A]
2026/06/10 16:46:51.241, 44, 10.57, 0, 0, [N/A], [N/A]
2026/06/10 16:46:52.266, 44, 10.54, 0, 0, [N/A], [N/A]
2026/06/10 16:46:53.292, 44, 10.58, 0, 0, [N/A], [N/A]
2026/06/10 16:46:54.317, 44, 10.58, 0, 0, [N/A], [N/A]
2026/06/10 16:46:55.342, 44, 10.59, 0, 0, [N/A], [N/A]
2026/06/10 16:46:56.367, 44, 10.54, 0, 0, [N/A], [N/A]
2026/06/10 16:46:57.391, 44, 10.59, 0, 0, [N/A], [N/A]
2026/06/10 16:46:58.416, 44, 10.68, 0, 0, [N/A], [N/A]
2026/06/10 16:46:59.440, 44, 10.63, 0, 0, [N/A], [N/A]
2026/06/10 16:47:00.465, 44, 10.66, 0, 0, [N/A], [N/A]
2026/06/10 16:47:01.491, 44, 10.73, 0, 0, [N/A], [N/A]
2026/06/10 16:47:02.514, 44, 10.65, 0, 0, [N/A], [N/A]
2026/06/10 16:47:03.538, 44, 10.63, 0, 0, [N/A], [N/A]
2026/06/10 16:47:04.563, 44, 10.64, 0, 0, [N/A], [N/A]
2026/06/10 16:47:05.589, 44, 10.66, 0, 0, [N/A], [N/A]
2026/06/10 16:47:06.616, 44, 10.68, 0, 0, [N/A], [N/A]
2026/06/10 16:47:07.644, 44, 10.66, 0, 0, [N/A], [N/A]
2026/06/10 16:47:08.669, 44, 10.68, 0, 0, [N/A], [N/A]
2026/06/10 16:47:09.694, 44, 10.66, 0, 0, [N/A], [N/A]
2026/06/10 16:47:10.720, 44, 10.67, 0, 0, [N/A], [N/A]
2026/06/10 16:47:11.745, 44, 10.70, 0, 0, [N/A], [N/A]
2026/06/10 16:47:12.771, 44, 10.69, 0, 0, [N/A], [N/A]
2026/06/10 16:47:13.797, 44, 10.65, 0, 0, [N/A], [N/A]
2026/06/10 16:47:14.824, 44, 10.69, 0, 0, [N/A], [N/A]
2026/06/10 16:47:15.849, 44, 10.70, 0, 0, [N/A], [N/A]
2026/06/10 16:47:16.876, 44, 10.69, 0, 0, [N/A], [N/A]
2026/06/10 16:47:17.901, 44, 10.61, 0, 0, [N/A], [N/A]
2026/06/10 16:47:18.926, 44, 10.58, 0, 0, [N/A], [N/A]
2026/06/10 16:47:19.954, 44, 10.59, 0, 0, [N/A], [N/A]
2026/06/10 16:47:20.981, 44, 10.60, 0, 0, [N/A], [N/A]
2026/06/10 16:47:22.008, 44, 10.63, 0, 0, [N/A], [N/A]
2026/06/10 16:47:23.034, 44, 10.65, 0, 0, [N/A], [N/A]
2026/06/10 16:47:24.062, 44, 10.64, 0, 0, [N/A], [N/A]
2026/06/10 16:47:25.087, 44, 10.62, 0, 0, [N/A], [N/A]
2026/06/10 16:47:26.114, 44, 10.58, 0, 0, [N/A], [N/A]
2026/06/10 16:47:27.138, 44, 10.60, 0, 0, [N/A], [N/A]
2026/06/10 16:47:28.162, 44, 10.63, 0, 0, [N/A], [N/A]
2026/06/10 16:47:29.187, 44, 10.64, 0, 0, [N/A], [N/A]
2026/06/10 16:47:30.212, 44, 10.62, 0, 0, [N/A], [N/A]
2026/06/10 16:47:31.238, 44, 10.64, 0, 0, [N/A], [N/A]
2026/06/10 16:47:32.264, 44, 10.67, 0, 0, [N/A], [N/A]
2026/06/10 16:47:33.291, 44, 10.68, 0, 0, [N/A], [N/A]
2026/06/10 16:47:34.317, 44, 10.69, 0, 0, [N/A], [N/A]
2026/06/10 16:47:35.342, 44, 10.64, 0, 0, [N/A], [N/A]
2026/06/10 16:47:36.369, 44, 10.67, 0, 0, [N/A], [N/A]
2026/06/10 16:47:37.396, 44, 10.67, 0, 0, [N/A], [N/A]
2026/06/10 16:47:38.421, 44, 10.61, 0, 0, [N/A], [N/A]
2026/06/10 16:47:39.445, 44, 10.67, 0, 0, [N/A], [N/A]
2026/06/10 16:47:40.471, 44, 10.62, 0, 0, [N/A], [N/A]
2026/06/10 16:47:41.495, 44, 10.58, 0, 0, [N/A], [N/A]
2026/06/10 16:47:42.521, 44, 10.54, 0, 0, [N/A], [N/A]
2026/06/10 16:47:43.546, 44, 10.51, 0, 0, [N/A], [N/A]
2026/06/10 16:47:44.573, 44, 10.54, 0, 0, [N/A], [N/A]
2026/06/10 16:47:45.599, 44, 10.61, 0, 0, [N/A], [N/A]
2026/06/10 16:47:46.626, 44, 10.59, 0, 0, [N/A], [N/A]
2026/06/10 16:47:47.650, 44, 10.55, 0, 0, [N/A], [N/A]
2026/06/10 16:47:48.674, 44, 10.61, 0, 0, [N/A], [N/A]
2026/06/10 16:47:49.698, 44, 10.60, 0, 0, [N/A], [N/A]
2026/06/10 16:47:50.722, 44, 10.54, 0, 0, [N/A], [N/A]
2026/06/10 16:47:51.747, 44, 10.62, 0, 0, [N/A], [N/A]
2026/06/10 16:47:52.771, 44, 10.55, 0, 0, [N/A], [N/A]
2026/06/10 16:47:53.798, 44, 10.52, 0, 0, [N/A], [N/A]
2026/06/10 16:47:54.821, 44, 10.55, 0, 0, [N/A], [N/A]
2026/06/10 16:47:55.845, 44, 10.55, 0, 0, [N/A], [N/A]
2026/06/10 16:47:56.870, 44, 10.62, 0, 0, [N/A], [N/A]
2026/06/10 16:47:57.894, 44, 10.60, 0, 0, [N/A], [N/A]
2026/06/10 16:47:58.917, 44, 10.64, 0, 0, [N/A], [N/A]
2026/06/10 16:47:59.941, 44, 10.59, 0, 0, [N/A], [N/A]
